"siteType","buildingID","coordX","coordY","start","end"
"leisure","0","573.4822257644172","798.1041512431772","10","23"
"leisure","1","676.2344710899598","740.9234133256406","10","23"
"work","2","488.26664227163656","826.5323807774857","8","18"
"work","3","-1140.1662249689875","-2.5549036712105146","9","21"
"shopping","4","-1200.9691219335414","-53.18156375069696","8","21"
"leisure","5","-1131.8100002168658","-54.049535340516805","10","23"
"shopping","6","-1163.8798839635754","-243.3893015959771","8","21"
"work","7","-1300.0360324375663","-153.14869912491457","8","21"
"work","8","-1219.3071376981059","-152.8645566938384","18","23"
"work","9","-1159.3712269528605","-197.7772460681773","8","18"
"work","10","-1134.414433978278","-144.31249217588208","8","18"
"work","11","-1174.0362577661554","-152.54988083292795","18","23"
"work","12","-1257.5337825024471","-168.97184201621224","1","8"
"work","13","427.36898252223835","900.8601573778885","8","18"
"work","14","-1210.6081384367087","-204.88504451675763","8","18"
"work","15","113.2153883100599","868.9928397285826","8","21"
"leisure","16","155.44211544143857","908.3986852647275","10","23"
"leisure","17","106.3697701361231","903.1679333582337","10","23"
"leisure","18","153.20488389954204","1022.877251094594","10","23"
"leisure","19","206.97962002877034","852.0412859005097","10","23"
"work","20","237.36805394942363","864.2998289162001","8","21"
"shopping","21","124.44862251848025","997.0549886822603","8","21"
"shopping","22","166.2996499709596","858.0677026451818","8","21"
"shopping","23","121.73924754425472","946.4242095423564","8","21"
"work","24","392.66531202961255","811.314718943768","8","18"
"shopping","25","250.56857926394414","925.7109953951438","8","21"
"work","26","214.55612526983128","988.1522629452996","9","21"
"work","27","206.912245755762","915.0084331231807","8","18"
"work","28","259.85119411170984","981.3366502136872","8","18"
"work","29","171.56658839954508","969.6421172262554","9","21"
"home","30","-19.795970414782857","-687.7791450767465","0","23"
"home","31","-100.58278301581309","-635.0381746942676","0","23"
"home","32","-76.21139364728265","-629.4672339974478","0","23"
"home","33","-51.84000427875224","-623.8962933006283","0","23"
"home","34","13.785831853328922","-608.8951936200694","0","23"
"work","35","337.9271291049675","908.8900459109185","18","23"
"home","36","-10.5855575152015","-614.4661343168892","0","23"
"home","37","-78.92199504861254","-558.879191548264","0","23"
"home","38","-54.550605680082164","-553.3082508514441","0","23"
"home","39","-30.179216311551773","-547.7373101546243","0","23"
"home","40","37.62514883728164","-532.2382308236195","0","23"
"home","41","13.253759468751188","-537.8091715204392","0","23"
"work","42","-26.080419733937926","-480.3508074283378","1","8"
"shopping","43","-655.8701306093966","1007.5489175693682","8","21"
"work","44","-655.8701306093966","1007.5489175693682","1","8"
"work","45","-595.9411485176977","1021.4090876831643","8","21"
"leisure","46","-725.5246923223337","142.5976637510105","10","23"
"work","47","-595.9411485176977","1021.4090876831643","8","18"
"leisure","48","-581.7444697077892","971.626155685785","10","23"
"work","49","-581.7444697077892","971.626155685785","1","8"
"leisure","50","-641.9298353060988","956.3114163899878","10","23"
"work","51","-641.9298353060988","956.3114163899878","8","18"
"leisure","52","-669.1328182053903","1062.34570797648","10","23"
"work","53","-669.1328182053903","1062.34570797648","1","8"
"leisure","54","-609.9044462018713","1076.3021705840433","10","23"
"work","55","-609.9044462018713","1076.3021705840433","8","18"
"leisure","56","-628.6024335875779","901.11754062674","10","23"
"work","57","-834.0881704983923","205.68112513945903","1","8"
"work","58","-628.6024335875779","901.11754062674","8","18"
"leisure","59","-567.9195677636263","917.0821598068824","10","23"
"work","60","-567.9195677636263","917.0821598068824","18","23"
"leisure","61","-59.60150618999704","922.5565326443907","10","23"
"home","62","-59.60150618999704","922.5565326443907","0","23"
"shopping","63","-38.41010146024587","928.3535375244887","8","21"
"home","64","-38.41010146024587","928.3535375244887","0","23"
"leisure","65","-138.6415500678248","945.921911097146","10","23"
"home","66","-138.6415500678248","945.921911097146","0","23"
"shopping","67","-117.45014533807358","951.718915977244","8","21"
"home","68","-1047.199237074792","902.6101146149751","0","23"
"home","69","-117.45014533807358","951.718915977244","0","23"
"work","70","-96.2587406083225","957.5159208573419","8","21"
"home","71","-96.2587406083225","957.5159208573419","0","23"
"shopping","72","-75.06733587857134","963.31292573744","8","21"
"home","73","-75.06733587857134","963.31292573744","0","23"
"shopping","74","-217.68159394565268","969.2872895499012","8","21"
"home","75","-217.68159394565268","969.2872895499012","0","23"
"leisure","76","-196.49018921590152","975.0842944299994","10","23"
"home","77","-196.49018921590152","975.0842944299994","0","23"
"leisure","78","52.642458132117845","1043.2356600844257","10","23"
"home","79","-1027.1996543751695","902.7393115225826","0","23"
"home","80","52.642458132117845","1043.2356600844257","0","23"
"shopping","81","31.4510534023667","1037.4386552043277","8","21"
"home","82","31.4510534023667","1037.4386552043277","0","23"
"work","83","10.259648672615558","1031.6416503242299","8","21"
"home","84","10.259648672615558","1031.6416503242299","0","23"
"leisure","85","-476.46352955738155","943.4834582769494","10","23"
"home","86","-476.46352955738155","943.4834582769494","0","23"
"shopping","87","-455.2721248276304","949.2804631570475","8","21"
"home","88","-455.2721248276304","949.2804631570475","0","23"
"leisure","89","-301.7993378761302","991.2636401227089","10","23"
"home","90","-1007.2000716755458","902.8685084301898","0","23"
"home","91","-301.7993378761302","991.2636401227089","0","23"
"leisure","92","-280.607933146379","997.0606450028067","10","23"
"home","93","-280.607933146379","997.0606450028067","0","23"
"leisure","94","-259.41652841662784","1002.8576498829045","10","23"
"home","95","-259.41652841662784","1002.8576498829045","0","23"
"shopping","96","-238.22512368687674","1008.6546547630026","8","21"
"home","97","-238.22512368687674","1008.6546547630026","0","23"
"shopping","98","-487.8158000714052","985.3651341397609","8","21"
"home","99","-487.8158000714052","985.3651341397609","0","23"
"leisure","100","-466.62439534165406","991.162139019859","10","23"
"home","101","-710.2716570029062","904.7866601002823","0","23"
"home","102","-466.62439534165406","991.162139019859","0","23"
"shopping","103","-335.6046692514419","1027.0031793482406","8","21"
"home","104","-335.6046692514419","1027.0031793482406","0","23"
"shopping","105","-314.41326452169073","1032.800184228339","8","21"
"home","106","-314.41326452169073","1032.800184228339","0","23"
"shopping","107","-293.22185979193955","1038.5971891084369","8","21"
"home","108","-293.22185979193955","1038.5971891084369","0","23"
"leisure","109","-499.16807058542884","1027.2468100025726","10","23"
"home","110","-499.16807058542884","1027.2468100025726","0","23"
"shopping","111","-477.9766658556776","1033.0438148826706","8","21"
"shopping","112","701.329534346771","738.1469407117308","8","21"
"home","113","-730.2712397025294","904.6574631926748","0","23"
"home","114","-477.9766658556776","1033.0438148826706","0","23"
"shopping","115","-456.78526112592647","1038.8408197627687","8","21"
"home","116","-456.78526112592647","1038.8408197627687","0","23"
"leisure","117","-510.52034109945214","1069.1284858653844","10","23"
"home","118","-510.52034109945214","1069.1284858653844","0","23"
"work","119","-489.3289363697009","1074.9254907454822","8","21"
"home","120","-489.3289363697009","1074.9254907454822","0","23"
"leisure","121","-9.299181720436943","1071.2783845102506","10","23"
"home","122","-9.299181720436943","1071.2783845102506","0","23"
"leisure","123","-30.490586450188147","1065.481379630153","10","23"
"home","124","-750.2708224021526","904.5282662850678","0","23"
"home","125","-30.490586450188147","1065.481379630153","0","23"
"leisure","126","-51.681991179939274","1059.6843747500552","10","23"
"home","127","-51.681991179939274","1059.6843747500552","0","23"
"shopping","128","-88.439803853522","1094.6162493250959","8","21"
"home","129","-88.439803853522","1094.6162493250959","0","23"
"shopping","130","-109.63120858327315","1088.8192444449976","8","21"
"home","131","-109.63120858327315","1088.8192444449976","0","23"
"shopping","132","-130.82261331302428","1083.0222395648996","8","21"
"home","133","-130.82261331302428","1083.0222395648996","0","23"
"leisure","134","-167.5804259866069","1117.9541141399402","10","23"
"home","135","-888.7352383886608","903.633788903825","0","23"
"home","136","-167.5804259866069","1117.9541141399402","0","23"
"leisure","137","-188.77183071635807","1112.157109259842","10","23"
"home","138","-188.77183071635807","1112.157109259842","0","23"
"shopping","139","-209.96323544610922","1106.360104379744","8","21"
"home","140","-209.96323544610922","1106.360104379744","0","23"
"work","141","-246.7210481196929","1141.291978954784","8","21"
"home","142","-246.7210481196929","1141.291978954784","0","23"
"leisure","143","-267.9124528494441","1135.4949740746865","10","23"
"home","144","-267.9124528494441","1135.4949740746865","0","23"
"work","145","-289.10385757919516","1129.6979691945883","8","21"
"home","146","-868.7356556890377","903.7629858114323","0","23"
"home","147","-289.10385757919516","1129.6979691945883","0","23"
"shopping","148","-521.8726116134754","1111.0101617281957","8","21"
"home","149","-521.8726116134754","1111.0101617281957","0","23"
"leisure","150","-500.6812068837245","1116.807166608294","10","23"
"home","151","-500.6812068837245","1116.807166608294","0","23"
"leisure","152","-479.4898021539734","1122.6041714883922","10","23"
"home","153","-479.4898021539734","1122.6041714883922","0","23"
"work","154","3.8332800486862433","-36.20791627794623","10","23"
"leisure","155","-57.50269274575112","-28.147244754693936","10","23"
"shopping","156","203.26673667115332","-542.7312164699467","8","21"
"home","157","-1047.5046772790179","949.8920251292158","0","23"
"leisure","158","196.74045569841377","-584.8457847847974","10","23"
"work","159","196.74045569841377","-584.8457847847974","1","8"
"work","160","196.74045569841377","-584.8457847847974","18","23"
"shopping","161","142.47978255722063","-605.1119113419461","8","21"
"leisure","162","97.09346921294868","-604.6611844406432","10","23"
"work","163","97.09346921294868","-604.6611844406432","1","8"
"work","164","97.09346921294868","-604.6611844406432","1","8"
"leisure","165","127.55793561668757","-518.7344231727913","10","23"
"leisure","166","107.54503773205866","-554.3087794444402","10","23"
"work","167","107.54503773205866","-554.3087794444402","8","18"
"home","168","-1027.5050945793948","950.021222036823","0","23"
"work","169","174.21989607896134","-653.2783374066173","8","21"
"leisure","170","167.76061489111393","-695.9647947561039","10","23"
"shopping","171","167.76061489111393","-695.9647947561039","8","21"
"work","172","167.76061489111393","-695.9647947561039","8","18"
"leisure","173","129.08893352476818","-742.1098145922947","10","23"
"shopping","174","82.09155667820428","-724.0126800003691","8","21"
"leisure","175","82.09155667820428","-724.0126800003691","10","23"
"work","176","82.09155667820428","-724.0126800003691","1","8"
"shopping","177","108.09761697059365","-659.2900103056307","8","21"
"leisure","178","69.80159221354174","-681.6805199416038","10","23"
"home","179","-1007.5055118797719","950.15041894443","0","23"
"leisure","180","69.80159221354174","-681.6805199416038","10","23"
"work","181","69.80159221354174","-681.6805199416038","8","18"
"work","182","-689.1673372922686","781.8601235298029","18","23"
"work","183","-722.3158383328644","666.2218138468141","18","23"
"work","184","-648.1324883514815","595.5397188874944","8","18"
"work","185","-739.6315956296422","710.2592613569226","8","18"
"work","186","-762.4088065593803","652.4139944105906","1","8"
"work","187","-658.2076622826966","636.0061698681042","18","23"
"work","188","-703.1263937058955","604.600835696514","8","18"
"work","189","-677.248462341045","734.2229446648889","8","18"
"home","190","-721.7723783810735","951.9962493201642","0","23"
"work","191","-754.5603498191269","604.3501314556439","10","23"
"work","192","-669.8602778802883","682.5764941266981","9","21"
"work","193","-739.0937050529062","757.8224165254608","10","23"
"work","194","-572.3564643805936","819.9796409311745","18","23"
"work","195","-546.0719030354509","704.7298190659103","8","18"
"work","196","-164.47035614870563","-607.4542765112759","18","23"
"work","197","-175.09663625611321","-456.37973810639664","8","18"
"work","198","-211.9779274187466","-591.3584742344777","18","23"
"work","199","-127.17897856379787","-470.2674730632425","8","18"
"study","200","-170.7988087372272","-531.9598320270427","8","17"
"home","201","-741.7719610806969","951.867052412557","0","23"
"work","202","-283.9262587500455","-519.5438595755776","18","23"
"work","203","-244.1494075235355","-424.2350183967285","8","18"
"work","204","-309.3990762269847","-403.6070629852865","1","8"
"work","205","-287.18533331158","-571.1536113831503","18","23"
"work","206","-280.64860440907364","-471.7947731802969","9","21"
"work","207","-540.6020581662601","-353.8236033585965","1","8"
"work","208","-546.6880996093855","-417.4247183350028","1","8"
"work","209","-408.50197299519226","-404.90064380628996","8","18"
"work","210","-430.18913700377414","-368.1061458858973","18","23"
"work","211","-488.0830991657635","-377.5526597105475","8","18"
"home","212","-761.7715437803199","951.7378555049497","0","23"
"work","213","-483.56789573543756","-492.4954401261323","8","18"
"work","214","-368.04077959301634","-536.8685719370418","8","18"
"work","215","-547.0752110528277","-483.87703951963397","8","18"
"work","216","-380.7904244349831","-472.96228828458953","8","18"
"work","217","-433.48644982527884","-498.4468997354315","9","21"
"leisure","218","-1002.1334603460832","665.8558550196555","10","23"
"leisure","219","-985.5931159534509","636.7781510820439","10","23"
"work","220","-1047.9469426358792","809.8960429889001","8","21"
"leisure","221","-1101.307564358105","655.6181330768684","10","23"
"shopping","222","-1115.668341597193","694.9054769488055","8","21"
"work","223","706.6387330750296","791.2539921476746","9","21"
"home","224","-1047.8101174832439","997.1739356434563","0","23"
"leisure","225","-1053.4701411676858","657.7291930183098","10","23"
"work","226","-1023.3370135112355","736.6373100871044","8","21"
"shopping","227","-1095.4009849091146","811.577465857218","8","21"
"work","228","-1012.7352369286592","701.2465825533798","9","21"
"work","229","-1031.9717690090906","774.3368555888356","8","18"
"work","230","-1076.2193397832382","708.9624704751399","8","18"
"work","231","-1094.999262022509","757.5094526448369","9","21"
"work","232","-905.9475250742231","652.5814087483075","1","8"
"work","233","-900.0095328370335","774.0031002797132","1","8"
"work","234","-845.4315209649442","696.9689830816466","18","23"
"home","235","-1027.8105347836208","997.3031325510634","0","23"
"work","236","-938.8607134654955","695.5011431221407","1","8"
"work","237","-902.0518888147898","706.5277300958654","1","8"
"work","238","-848.3955795188865","774.9888506753574","18","23"
"work","239","-944.2970485334725","751.5688718334594","8","18"
"work","240","-887.0252545996859","621.9814810150228","8","18"
"work","241","-845.04310025809","645.2921871952652","9","21"
"study","242","-960.9139093285586","791.3737075502111","8","17"
"work","243","-847.2162454780666","737.8349593605665","9","21"
"work","244","-1460.3463084911677","219.70028499114704","8","18"
"work","245","-1407.1085574008882","228.3506597306126","18","23"
"home","246","-1007.8109520839978","997.4323294586709","0","23"
"work","247","-1387.4317895841766","175.36956978532643","1","8"
"work","248","-1440.6970988359762","167.99204026923186","10","23"
"shopping","249","-1584.2499459071435","818.8724487919505","8","21"
"work","250","-1584.2499459071435","818.8724487919505","8","18"
"work","251","-1511.6208403965836","745.0922193757185","9","21"
"work","252","-1511.6208403965836","745.0922193757185","10","23"
"shopping","253","-1406.4205108045514","842.4418883633571","8","21"
"work","254","-1406.4205108045514","842.4418883633571","9","21"
"work","255","-1421.6691147724823","737.8134189722858","10","23"
"work","256","-1421.6691147724823","737.8134189722858","10","23"
"home","257","-987.8113693843748","997.5615263662781","0","23"
"leisure","258","-1214.5909419926982","698.0508678155196","10","23"
"leisure","259","-1214.5909419926982","698.0508678155196","10","23"
"shopping","260","-1290.2803428397099","715.1588866078304","8","21"
"work","261","-1290.2803428397099","715.1588866078304","8","21"
"shopping","262","-1211.9097695760986","828.46732539374","8","21"
"leisure","263","-1281.573495512084","797.2714660554429","10","23"
"shopping","264","-1281.573495512084","797.2714660554429","8","21"
"home","265","-1127.419349772547","63.46585341442313","0","23"
"home","266","-1102.5133963062794","65.63229795239418","0","23"
"home","267","-1077.6074428400113","67.79874249036529","0","23"
"home","268","-733.2730997592412","999.2058385400462","0","23"
"home","269","-1259.6204515050958","168.0954522131575","0","23"
"home","270","-1234.7144980388284","170.2618967511287","0","23"
"home","271","-1209.8085445725608","172.4283412890998","0","23"
"work","272","-1305.7551065165803","152.3503755937133","8","18"
"shopping","273","-928.1659937903648","16.613981783852246","8","21"
"leisure","274","-1017.55886916902","-7.5329956756136625","10","23"
"shopping","275","-993.8197994169446","11.737350799748683","8","21"
"work","276","-993.8197994169446","11.737350799748683","8","18"
"work","277","-993.8197994169446","11.737350799748683","1","8"
"shopping","278","-926.1808969377339","94.80422057969035","8","21"
"home","279","-753.2726824588641","999.0766416324391","0","23"
"leisure","280","-983.8812658477485","94.23061679130006","10","23"
"work","281","-946.6104597083349","144.35427852089555","1","8"
"work","282","-946.6104597083349","144.35427852089555","1","8"
"leisure","283","-850.2409654472228","132.14908992625232","10","23"
"work","284","-850.2409654472228","132.14908992625232","8","18"
"work","285","-882.1341227213788","118.88349206434029","1","8"
"work","286","-882.1341227213788","118.88349206434029","8","18"
"shopping","287","-785.5937476598584","86.63029768750619","8","21"
"leisure","288","-779.4119919054756","39.9094722212679","10","23"
"leisure","289","-748.2146805585154","64.70166523464087","10","23"
"home","290","-773.2722651584872","998.9474447248316","0","23"
"work","291","-748.2146805585154","64.70166523464087","8","18"
"work","292","-748.2146805585154","64.70166523464087","8","18"
"leisure","293","-869.9810129820154","59.11950628926679","10","23"
"leisure","294","-842.0814329020385","29.450346073186825","10","23"
"work","295","-842.0814329020385","29.450346073186825","1","8"
"shopping","296","-909.1067999894909","-61.4906425896634","8","21"
"leisure","297","-936.4935871076818","-44.535024824769216","10","23"
"work","298","-936.4935871076818","-44.535024824769216","8","18"
"shopping","299","-994.355879405947","-55.949220428375796","8","21"
"leisure","300","-1031.7192500419376","-75.33260155186517","10","23"
"home","301","-1048.1155576874696","1044.455846157697","0","23"
"work","302","-1031.7192500419376","-75.33260155186517","1","8"
"leisure","303","-974.0849924217182","-126.82257618975525","10","23"
"leisure","304","-1018.7056517540237","-113.77529614038319","10","23"
"work","305","-1018.7056517540237","-113.77529614038319","8","18"
"leisure","306","-897.039071504454","-118.35614443956706","10","23"
"shopping","307","-905.498502735028","-146.12517694169162","8","21"
"work","308","-905.498502735028","-146.12517694169162","8","18"
"work","309","-905.498502735028","-146.12517694169162","18","23"
"leisure","310","-786.6090658782056","-13.494045046051825","10","23"
"work","311","-849.5762165905963","-30.802465206636153","18","23"
"home","312","-1028.1159749878464","1044.585043065304","0","23"
"work","313","-849.5762165905963","-30.802465206636153","1","8"
"shopping","314","-778.9012041847658","-65.59944956844285","8","21"
"shopping","315","-852.664057861615","-100.18012003977596","8","21"
"leisure","316","-847.9818298944185","-77.67827061186497","10","23"
"work","317","-847.9818298944185","-77.67827061186497","1","8"
"work","318","-847.9818298944185","-77.67827061186497","1","8"
"leisure","319","-808.8231834208501","-147.673874077207","10","23"
"work","320","-808.8231834208501","-147.673874077207","8","18"
"work","321","-841.7466744932531","-138.32232053305987","8","18"
"work","322","-841.7466744932531","-138.32232053305987","1","8"
"home","323","-1008.1163922882232","1044.7142399729116","0","23"
"home","324","652.3106355524639","-217.0088692116933","0","23"
"home","325","632.4693144841581","-219.52322365456885","0","23"
"home","326","612.6279934158524","-222.03757809744428","0","23"
"home","327","542.3474049302715","-183.9800999762664","0","23"
"home","328","522.5060838619657","-186.49445441914187","0","23"
"home","329","502.6647627936601","-189.0088088620174","0","23"
"home","330","326.8243850945441","-164.32819834377457","0","23"
"home","331","346.66570616285","-161.81384390089914","0","23"
"home","332","320.9670647157238","-118.1068016089546","0","23"
"home","333","631.7290094815675","-313.5443469188933","0","23"
"work","334","667.9280051893786","849.3318901524927","8","18"
"home","335","-988.1168095886001","1044.8434368805185","0","23"
"home","336","523.3566631926582","-280.31397583055974","0","23"
"home","337","543.197984260964","-277.7996213876842","0","23"
"home","338","563.0393053292695","-275.28526694480877","0","23"
"home","339","582.8806263975752","-272.77091250193314","0","23"
"home","340","414.984316903748","-247.08360474222596","0","23"
"home","341","434.8256379720537","-244.56925029935041","0","23"
"home","342","332.68170547336456","-210.54959507859456","0","23"
"home","343","352.5230265416702","-208.03524063571905","0","23"
"work","344","188.7367409580533","-108.04356221817984","1","8"
"work","345","256.1283687492902","-107.72133960461174","1","8"
"home","346","-828.0950957077928","856.7416393710241","0","23"
"work","347","282.9272115087875","-184.45080490719116","8","18"
"work","348","213.5557719502061","-177.51145168401533","18","23"
"shopping","349","-250.57698578687948","44.53400502372078","8","21"
"work","350","-250.57698578687948","44.53400502372078","18","23"
"shopping","351","-158.6836091766522","-1.783205169940478","8","21"
"work","352","-158.6836091766522","-1.783205169940478","1","8"
"work","353","-236.04901283375054","-7.943677776490433","8","21"
"work","354","-236.04901283375054","-7.943677776490433","1","8"
"home","355","-1509.2740064756533","67.88308017169483","0","23"
"home","356","-1487.6082577099846","73.76507221716015","0","23"
"home","357","-808.09551300817","856.8708362786317","0","23"
"work","358","-1406.0317004037647","68.12893531764679","8","21"
"leisure","359","781.131479336049","497.63073286435707","10","23"
"work","360","749.645134738308","434.65096752414706","8","18"
"work","361","726.3291450885298","603.6005098788073","9","21"
"work","362","787.8349332617177","572.145191518195","9","21"
"shopping","363","672.7301908914757","438.4310965080402","8","21"
"work","364","617.4560104782994","473.65501605356013","9","21"
"work","365","623.8428448009948","549.6385901866723","8","21"
"work","366","657.1859641089821","609.4363513996532","9","21"
"home","367","1348.4183429695356","309.0746086399336","0","23"
"home","368","-894.6383191798574","950.8795387708864","0","23"
"leisure","369","1372.106670833346","414.0480784272151","10","23"
"work","370","-217.05101599288474","206.60105317321637","1","8"
"work","371","-253.51865040735896","163.08550288028684","18","23"
"work","372","-268.8872095642224","196.49882826474084","8","18"
"work","373","-236.2591495870941","133.7412691901926","1","8"
"work","374","-204.0808804782812","168.1335065041431","9","21"
"home","375","-80.3475028043321","85.25903459103","0","23"
"home","376","-60.87124922825088","89.80607171867514","0","23"
"home","377","-41.39499565216965","94.35310884632027","0","23"
"home","378","-138.2466395903574","123.08671644068669","0","23"
"home","379","-874.6387364802342","951.0087356784936","0","23"
"home","380","-118.77038601427616","127.63375356833184","0","23"
"home","381","-99.29413243819495","132.18079069597695","0","23"
"home","382","-121.23370762074164","178.40379668054146","0","23"
"work","383","44.94343354311947","110.78680350301215","18","23"
"work","384","-308.3898285747802","513.7256763349908","8","18"
"work","385","-278.69748565166776","614.7650968020639","1","8"
"work","386","-272.971046898938","573.0671032998303","1","8"
"work","387","-250.58928211313054","465.2116383553409","8","18"
"work","388","-354.18158782842846","507.1772614633186","10","23"
"work","389","-322.16938295164243","460.826208518708","9","21"
"home","390","-744.773821137408","1046.4154277599282","0","23"
"work","391","-328.3709222657899","582.7583493316824","9","21"
"work","392","-238.10916015864342","417.3264738586891","10","23"
"work","393","-303.5373311756079","427.5509012572597","8","18"
"work","394","-259.49874427753895","521.4753433189475","8","18"
"work","395","-372.14887990826213","574.3158891679792","8","18"
"work","396","-126.19262795000799","465.34383147255693","1","8"
"work","397","-143.97039658505545","591.779036294329","1","8"
"work","398","-135.03456711862765","406.84304057456","8","18"
"work","399","-180.6074083493183","453.8086292601192","8","18"
"work","400","-150.57311031863867","518.0661677811262","9","21"
"home","401","-764.7734038370313","1046.2862308523208","0","23"
"work","402","-195.60011622593305","510.9289912164851","9","21"
"study","403","-193.3690055037649","569.6157930701949","8","17"
"work","404","-96.83938256434759","586.9958527653615","10","23"
"work","405","-174.73220909925382","397.4381130536144","8","18"
"work","406","-103.89472796194424","530.7998507496977","8","18"
"work","407","-205.32364011194107","617.176061119216","10","23"
"home","408","852.3413146519214","92.96651071355528","0","23"
"home","409","737.9240065820331","126.0551771963584","0","23"
"home","410","762.7437484217328","132.7622268465891","0","23"
"home","411","882.361166307838","165.08649379408956","0","23"
"home","412","-784.7729865366543","1046.157033944714","0","23"
"home","413","857.5414244681382","158.37944414385885","0","23"
"home","414","832.7216826284384","151.67239449362808","0","23"
"home","415","807.9019407887388","144.9653448433975","0","23"
"home","416","752.7716880728848","194.0751781233286","0","23"
"home","417","777.5914299125844","200.78222777355927","0","23"
"home","418","903.2600662586008","234.74171812173591","0","23"
"home","419","878.4403244189011","228.03466847150523","0","23"
"home","420","853.6205825792015","221.32761882127454","0","23"
"home","421","828.8008407395015","214.6205691710438","0","23"
"work","422","825.3339182434689","301.5275297690084","8","18"
"home","423","-1048.4209978916954","1091.7377566719372","0","23"
"work","424","889.0272707104018","296.59938657613117","18","23"
"work","425","786.6809165643912","271.7991017682942","8","18"
"work","426","-583.3181249523432","147.13516615355817","1","8"
"work","427","-487.13471852240457","118.24458817274272","1","8"
"work","428","-466.81035453277","69.08279037040478","8","18"
"work","429","-408.784713260978","95.38003174623478","8","18"
"study","430","-599.5432428646303","104.1719191400587","8","17"
"work","431","-537.7712234633408","96.55953784407897","9","21"
"work","432","-638.0140794221908","147.50097205825793","10","23"
"leisure","433","-374.18233586851727","56.81479201815714","10","23"
"home","434","-1028.4214151920721","1091.8669535795443","0","23"
"work","435","-979.605803081165","337.13046751871445","8","21"
"shopping","436","-952.9239585951378","450.08238651187474","8","21"
"work","437","-846.1405568908416","307.3844462891734","18","23"
"work","438","-858.6782206299893","347.0391072470637","1","8"
"work","439","-882.0118103613744","388.2504214224589","9","21"
"work","440","-954.9113888344206","401.94063906076457","8","18"
"work","441","-928.4300426520954","339.62784720584784","10","23"
"work","442","-774.1624037907312","302.6897901700178","9","21"
"shopping","443","1256.578808762122","530.6933743737933","8","21"
"work","444","1199.1657777937166","561.3321700692269","10","23"
"work","445","612.128749464248","747.5864924997182","18","23"
"work","446","-1157.8753515534115","931.9227432457944","8","18"
"work","447","1199.1657777937166","561.3321700692269","8","18"
"shopping","448","1205.776008009441","634.2011997578616","8","21"
"work","449","1236.688946296784","692.3456599727991","9","21"
"work","450","1236.688946296784","692.3456599727991","8","18"
"shopping","451","1313.6638675478619","680.7895506343979","8","21"
"work","452","1373.9215630196954","651.3116398068951","9","21"
"work","453","1373.9215630196954","651.3116398068951","10","23"
"leisure","454","1364.1289703923046","582.2521182600686","10","23"
"work","455","1336.2008185218106","521.2759423412323","10","23"
"work","456","1336.2008185218106","521.2759423412323","8","18"
"work","457","-1095.2707615534289","927.8561068016759","1","8"
"work","458","1437.4484547919458","626.6447438892777","9","21"
"leisure","459","1407.2082349112784","525.4802362959498","10","23"
"home","460","226.09238793655803","-775.4018468219083","0","23"
"home","461","245.46886987428815","-770.4468546204191","0","23"
"home","462","264.8453518120184","-765.4918624189303","0","23"
"home","463","222.18632630605393","-725.6958402256533","0","23"
"home","464","241.56280824378408","-720.7408480241643","0","23"
"home","465","260.93929018151425","-715.7858558226753","0","23"
"home","466","280.31577211924446","-710.8308636211867","0","23"
"home","467","240.01847055246608","-670.4308967212104","0","23"
"shopping","468","-1124.446698643113","997.3680429418171","8","21"
"home","469","259.3949524901962","-665.4759045197217","0","23"
"home","470","278.77143442792647","-660.5209123182327","0","23"
"home","471","257.8506147988786","-615.1659532167678","0","23"
"home","472","277.2270967366088","-610.2109610152787","0","23"
"home","473","296.60357867433896","-605.2559688137897","0","23"
"home","474","317.3145253919385","-802.7792141859601","0","23"
"home","475","336.6910073296687","-797.8242219844709","0","23"
"home","476","356.06748926739886","-792.8692297829817","0","23"
"home","477","275.6827590452911","-559.901009712325","0","23"
"work","478","482.9342166750771","-695.1995104397269","1","8"
"leisure","479","-1120.639934940029","1046.323937686322","10","23"
"work","480","508.51151813590536","-755.1441297126386","8","18"
"work","481","449.02619187645985","-613.8310423682839","8","18"
"leisure","482","313.3834791886667","-502.88669875155864","10","23"
"work","483","188.77043921446668","-443.72830944098195","1","8"
"home","484","217.3765190418521","595.7835115757573","0","23"
"home","485","237.2493983772797","598.0348815852273","0","23"
"home","486","231.965486014676","644.359205956705","0","23"
"home","487","251.8383653501034","646.6105759661745","0","23"
"home","488","246.5544529874997","692.9349003376524","0","23"
"home","489","266.4273323229271","695.1862703471221","0","23"
"leisure","490","-1118.364458367898","1099.58383104529","10","23"
"home","491","261.14341996032334","741.5105947185997","0","23"
"shopping","492","276.53518138259403","556.3924814872576","8","21"
"leisure","493","706.0252407158083","62.06457089814223","10","23"
"work","494","766.5385011079735","-50.87202321565397","18","23"
"work","495","599.9256087341171","91.13782361005596","9","21"
"work","496","605.0721797955789","-45.35828007658893","8","8"
"leisure","497","-1247.426966031861","270.4213782040435","10","23"
"work","498","-1247.426966031861","270.4213782040435","1","8"
"leisure","499","-1144.0592799703577","246.76979300119967","10","23"
"work","500","-1144.0592799703577","246.76979300119967","18","23"
"work","501","328.48078856365106","166.32470322499958","18","23"
"work","502","-1043.4648080841994","223.00684841011335","8","21"
"work","503","-1043.4648080841994","223.00684841011335","8","18"
"home","504","-1396.745266504388","298.0450586538617","0","23"
"shopping","505","-1438.6248021939907","310.36805370466345","8","21"
"home","506","-58.808187629663344","254.17320564687182","0","23"
"home","507","-36.5575779090737","257.64606715606027","0","23"
"home","508","-14.306968188484083","261.1189286652487","0","23"
"home","509","67.87105514768918","185.58176188294928","0","23"
"home","510","-32.75211984219279","214.05828960109517","0","23"
"home","511","-10.50151012160315","217.53115111028356","0","23"
"work","512","292.85137166869873","172.57388039843133","8","18"
"home","513","11.749099598986463","221.00401261947198","0","23"
"leisure","514","-96.92922518304516","250.13848464414787","10","23"
"leisure","515","393.5071534379961","617.7060935080207","10","23"
"work","516","438.44511477072825","526.6941295291443","8","18"
"work","517","438.44511477072825","526.6941295291443","8","18"
"work","518","534.8645683567496","645.6523202722208","8","21"
"work","519","534.8645683567496","645.6523202722208","8","18"
"work","520","527.1634348767366","540.4318434687954","10","23"
"home","521","623.1227101339265","165.6203810968494","0","23"
"home","522","648.74463556394","167.7466541881594","0","23"
"work","523","369.56541546171746","106.84794049399096","9","21"
"home","524","403.03110237384556","242.02922608386032","0","23"
"home","525","428.653027803859","244.1554991751703","0","23"
"home","526","701.4675308645792","266.7954111662342","0","23"
"home","527","675.8456054345659","264.6691380749243","0","23"
"home","528","650.2236800045524","262.5428649836143","0","23"
"home","529","469.6266529395449","247.55575560076178","0","23"
"home","530","495.2485783695583","249.68202869207175","0","23"
"home","531","520.8705037995719","251.80830178338164","0","23"
"home","532","546.4924292295851","253.93457487469166","0","23"
"home","533","609.2500548688665","259.1426085580228","0","23"
"work","534","335.91962778025015","93.7721058597837","8","18"
"home","535","583.628129438853","257.0163354667128","0","23"
"home","536","395.22822200445285","336.0551627243545","0","23"
"home","537","420.85014743446635","338.1814358156643","0","23"
"home","538","446.4720728644797","340.30770890697426","0","23"
"home","539","676.1076627544093","359.36435540779075","0","23"
"home","540","650.4857373243959","357.23808231648087","0","23"
"home","541","624.8638118943826","355.111809225171","0","23"
"home","542","497.2350542344109","344.5203494291076","0","23"
"home","543","522.8569796644243","346.6466225204176","0","23"
"home","544","548.4789050944376","348.77289561172756","0","23"
"work","545","244.87949945296262","62.83625235540508","9","21"
"home","546","574.1008305244512","350.8991687030375","0","23"
"home","547","387.42534163505997","430.08109936484834","0","23"
"home","548","413.0472670650734","432.20737245615834","0","23"
"work","549","328.4299062455561","317.34845589267843","8","18"
"work","550","330.8755397038831","253.93648530909502","18","23"
"work","551","337.74515434320443","408.0437284749114","8","18"
"work","552","1285.4862264939184","178.14860550825767","18","23"
"work","553","1271.0210821931762","110.20464386464212","8","18"
"leisure","554","1043.529913901509","-133.48869856373975","10","23"
"shopping","555","1059.6557995946932","-241.68945845087666","8","21"
"work","556","554.104894058701","868.1012641737341","18","23"
"work","557","250.6018075665441","104.16741938832654","8","18"
"work","558","1059.6557995946932","-241.68945845087666","9","21"
"work","559","987.7918584356959","-169.62935135332899","9","21"
"work","560","996.6495867183098","-236.19819838761666","9","21"
"work","561","940.6129248168992","-210.3064218458525","8","18"
"work","562","940.6129248168992","-210.3064218458525","10","23"
"shopping","563","1114.4095349064598","-87.53022815802626","8","21"
"work","564","1171.869957694455","-73.65631165386814","8","18"
"shopping","565","1142.1444087390319","-170.72429482196063","8","21"
"leisure","566","1114.6983188751867","-240.5349956880427","10","23"
"work","567","1114.6983188751867","-240.5349956880427","8","18"
"work","568","374.141549374129","160.44677763951324","9","21"
"leisure","569","-1629.8098203234204","13.480553837632744","10","23"
"leisure","570","-1629.8098203234204","13.480553837632744","10","23"
"work","571","-1612.6930228101783","-26.90669787320367","8","21"
"work","572","-1612.6930228101783","-26.90669787320367","8","21"
"shopping","573","-1574.9149433263613","-43.99587465913267","8","21"
"leisure","574","-1560.5282943639506","13.114912949228849","10","23"
"leisure","575","-1547.846278762613","-48.05048222073061","10","23"
"work","576","-1547.846278762613","-48.05048222073061","8","21"
"shopping","577","-1471.7654500971148","-84.19503239350891","8","21"
"work","578","-1471.7654500971148","-84.19503239350891","8","21"
"study","579","299.0360908441488","92.87116068598577","8","22"
"shopping","580","-1427.969757434713","-69.07084745927959","8","21"
"leisure","581","-1427.969757434713","-69.07084745927959","10","23"
"leisure","582","-1496.5981051070214","-5.633979435620048","10","23"
"leisure","583","-1440.9243515965659","-23.865957813334756","10","23"
"shopping","584","-1440.9243515965659","-23.865957813334756","8","21"
"work","585","-449.0465106249713","535.5222305949482","10","23"
"work","586","-497.1957810682408","374.5582933810794","18","23"
"work","587","-506.56792959758405","527.2818426735437","1","8"
"work","588","-475.58088454675436","454.5957252182933","8","18"
"work","589","-576.72461741135","498.5403539929886","10","23"
"work","590","258.9789508036558","164.8388620254055","8","18"
"work","591","-588.0859662040675","351.6937720659441","18","23"
"work","592","-624.480556006326","481.68947469638067","8","18"
"work","593","-614.4441799303453","404.79431844125764","8","18"
"work","594","111.3918097481206","41.56598955583098","1","8"
"work","595","185.3347561389346","204.0009874116832","18","23"
"work","596","154.01770038549492","73.7591879841361","8","18"
"work","597","113.69185195531871","94.0517448845253","8","18"
"work","598","160.12577114935132","134.04866945211415","18","23"
"work","599","143.47993146631035","190.49854859822906","10","23"
"work","600","111.04786737380644","360.28878242056953","8","21"
"work","601","262.2266004176854","-0.339411211663128","8","18"
"leisure","602","152.227200555711","306.16152852123184","10","23"
"shopping","603","152.227200555711","306.16152852123184","8","21"
"work","604","152.227200555711","306.16152852123184","8","18"
"shopping","605","227.38158163471508","396.13253306834434","8","21"
"shopping","606","215.88321669247745","321.3025533775402","8","21"
"leisure","607","215.88321669247745","321.3025533775402","10","23"
"work","608","215.88321669247745","321.3025533775402","1","8"
"shopping","609","220.3023421981205","458.4643789102926","8","21"
"work","610","200.2552223167824","505.67194288439833","8","21"
"shopping","611","254.82741567981745","483.17009691242055","8","21"
"work","612","390.8831112397728","-9.847119454710946","1","8"
"work","613","254.82741567981745","483.17009691242055","8","21"
"work","614","254.82741567981745","483.17009691242055","8","18"
"shopping","615","116.15833772719351","530.3847697556046","8","21"
"leisure","616","61.41956878515493","523.0129593866296","10","23"
"leisure","617","61.41956878515493","523.0129593866296","10","23"
"work","618","61.41956878515493","523.0129593866296","18","23"
"work","619","140.5383365567353","443.25041913483386","8","21"
"shopping","620","83.72243972885818","448.2907971108787","8","21"
"work","621","83.72243972885818","448.2907971108787","1","8"
"shopping","622","20.22134522133396","448.0462820912744","8","21"
"work","623","415.5002205427697","-57.90208436031365","10","23"
"shopping","624","-37.932669537805765","432.72832834590866","8","21"
"leisure","625","-37.932669537805765","432.72832834590866","10","23"
"work","626","-37.932669537805765","432.72832834590866","8","18"
"leisure","627","-56.79225534994524","373.10012003169084","10","23"
"leisure","628","-26.908639254102354","346.1411728545062","10","23"
"work","629","-26.908639254102354","346.1411728545062","8","18"
"work","630","-7.873609894253799","502.4082567612816","8","21"
"work","631","-2.972509230977884","545.9496144215805","8","21"
"work","632","-2.972509230977884","545.9496144215805","8","21"
"work","633","-2.972509230977884","545.9496144215805","1","8"
"work","634","461.5183791707427","-61.35411305752404","8","21"
"shopping","635","33.94617814855833","383.02041189342174","8","21"
"leisure","636","38.636114325791965","332.5736637492387","10","23"
"work","637","38.636114325791965","332.5736637492387","8","21"
"work","638","38.636114325791965","332.5736637492387","8","18"
"work","639","-994.0676362651699","-289.0645628775104","18","23"
"work","640","-1066.2588273732406","-252.64121336060524","8","18"
"work","641","-880.3175370954684","-233.41106536130658","10","23"
"work","642","-1010.6832030148928","-344.09982433775946","9","21"
"work","643","-941.7358999203547","-229.9321152182573","9","21"
"work","644","-961.9264097756036","-364.32317214482026","9","21"
"work","645","221.62045956763458","6.9590948032546525","8","18"
"work","646","-1061.8806287759617","-196.8410500509006","9","21"
"work","647","-913.7530172998419","-292.01644823536026","8","18"
"work","648","-1070.9397023494375","-300.4733205133748","10","23"
"work","649","-923.861698245343","-358.0891609018021","8","18"
"work","650","-998.9068177795151","-216.9631913772866","8","18"
"home","651","-784.2940354474727","-446.5197122837018","0","23"
"home","652","-758.4844189994269","-446.37900405803884","0","23"
"home","653","-732.6748025513813","-446.2382958323762","0","23"
"home","654","-706.8651861033353","-446.09758760671315","0","23"
"home","655","-686.7428244244053","-360.5177063256108","0","23"
"work","656","341.29638484492057","18.961979101776414","9","21"
"home","657","-712.5524408724508","-360.6584145512735","0","23"
"home","658","-738.3620573204967","-360.7991227769363","0","23"
"home","659","-841.3055317077952","-361.36034745277607","0","23"
"home","660","-815.4959152597496","-361.21963922711325","0","23"
"home","661","-789.686298811704","-361.0789310014505","0","23"
"home","662","-758.6635633412861","-275.4396233333518","0","23"
"home","663","-732.8539468932404","-275.29891510768897","0","23"
"home","664","-707.0443304451946","-275.15820688202615","0","23"
"work","665","-635.1837577381591","-418.7263651535842","1","8"
"work","666","-623.806615553327","-316.3819795906503","8","18"
"shopping","667","333.09520830317024","841.2298702461447","8","21"
"work","668","442.7811014278961","-19.10637725276225","9","21"
"home","669","-1565.5025780534695","453.2750203730949","0","23"
"home","670","-1545.5296490593737","454.31526428525416","0","23"
"home","671","-1556.7433858775516","500.23845879724826","0","23"
"home","672","-1536.7704568834554","501.27870270940736","0","23"
"home","673","-1509.167657643132","409.70185857563337","0","23"
"home","674","-1547.9841937016342","547.2018972214015","0","23"
"work","675","-1441.291647210843","497.28968457291904","8","18"
"shopping","676","-1136.5014074276432","574.7248039101282","8","21"
"work","677","-1136.5014074276432","574.7248039101282","10","23"
"work","678","-1100.5293724823537","543.2500325925353","9","21"
"work","679","297.8345174232428","-4.000148871293139","9","21"
"work","680","-1032.685645833807","574.3400730970643","9","21"
"work","681","-1037.7703063428232","532.0203215234563","8","18"
"work","682","-1037.7703063428232","532.0203215234563","8","18"
"home","683","-773.2016103796366","379.2357288646266","0","23"
"home","684","-752.3974600484613","382.09707976898204","0","23"
"home","685","-833.395263082071","452.10181236408994","0","23"
"home","686","-812.5911127508957","454.96316326844544","0","23"
"home","687","-791.7869624197203","457.8245141728011","0","23"
"home","688","-717.8028321331544","468.0001067701203","0","23"
"home","689","-738.6069824643297","465.13875586576467","0","23"
"work","690","350.08453164528123","-30.34715764873364","8","18"
"home","691","-759.4111327955051","462.2774049614093","0","23"
"home","692","-844.348541061327","531.7402940870867","0","23"
"home","693","-823.5443907301516","534.6016449914422","0","23"
"home","694","-802.7402403989763","537.4629958957978","0","23"
"work","695","-912.353635080482","521.8032259732383","8","18"
"work","696","81.48242099320808","-86.31028740994081","1","8"
"work","697","71.8573305187107","-48.59507703920097","1","8"
"work","698","120.17660436862185","-63.55105625710519","8","18"
"home","699","-23.772570537267534","-352.45172065559086","0","23"
"home","700","-2.547843850196247","-349.64119097968927","0","23"
"home","701","1069.4393667089735","593.7538151328976","0","23"
"home","702","18.67688283687506","-346.8306613037877","0","23"
"home","703","-10.411493164570848","-305.720530917433","0","23"
"home","704","10.813233522500454","-302.91000124153146","0","23"
"home","705","32.03796020957174","-300.0994715656297","0","23"
"home","706","2.9495842081259602","-258.989341179275","0","23"
"home","707","24.174310895197262","-256.1788115033735","0","23"
"home","708","45.39903758226854","-253.36828182747183","0","23"
"home","709","66.8937589412629","-430.36978602201464","0","23"
"home","710","-37.13364790996437","-399.1829103937489","0","23"
"home","711","-15.908921222893076","-396.37238071784725","0","23"
"home","712","1093.903292263277","598.9032176684817","0","23"
"work","713","32.50192750145717","-179.81059111005746","8","18"
"work","714","99.06635276887394","-175.68277346351843","1","8"
"leisure","715","-1624.6806028817452","551.8563699979416","10","23"
"work","716","-1624.6806028817452","551.8563699979416","8","18"
"study","717","-1653.2542929575359","512.9374021035205","8","17"
"work","718","-1641.312871815365","445.42333973771593","9","21"
"work","719","-1679.9768388728535","453.96605107705665","9","21"
"work","720","-1679.9768388728535","453.96605107705665","8","18"
"home","721","-1625.7328761422675","659.433510993517","0","23"
"home","722","-1600.5343661914555","664.5363725690285","0","23"
"home","723","923.2859785286286","674.9086146514779","0","23"
"work","724","-1607.854495536922","612.1687907014236","8","21"
"work","725","-1430.681490900971","635.4125225460886","8","18"
"work","726","-1508.7979303105099","647.4992937507537","18","23"
"work","727","-1421.862927770601","594.9508491198166","8","18"
"work","728","-1501.2640251643254","605.9902764384007","10","23"
"work","729","-1347.7821377654686","428.4258491200899","8","18"
"work","730","-1391.6165660852785","406.7038855457754","9","21"
"shopping","731","-1225.4433543719042","417.42777328680023","8","21"
"work","732","-1225.4433543719042","417.42777328680023","9","21"
"work","733","-1165.752062947581","367.16691269152267","9","21"
"home","734","947.7499040829326","680.0580171870624","0","23"
"work","735","-1165.752062947581","367.16691269152267","9","21"
"work","736","-1068.5058848566757","440.1561289313555","9","21"
"work","737","-1083.4404547263546","371.91410948880866","10","23"
"work","738","-1083.4404547263546","371.91410948880866","9","21"
"home","739","-428.24320419596074","328.327365999468","0","23"
"home","740","-403.72531827694166","333.21339404502504","0","23"
"work","741","-375.3008425193297","256.894395795786","1","8"
"leisure","742","-304.6434291273954","333.6339384137381","10","23"
"work","743","-304.6434291273954","333.6339384137381","9","21"
"work","744","-273.7492054588446","271.7278493461254","8","18"
"home","745","972.2138296372364","685.2074197226463","0","23"
"work","746","-273.7492054588446","271.7278493461254","8","18"
"leisure","747","-191.09195315625888","321.2604070006394","10","23"
"work","748","-191.09195315625888","321.2604070006394","9","21"
"work","749","-200.98357240071684","269.5273941641229","9","21"
"work","750","-200.98357240071684","269.5273941641229","9","21"
"work","751","1249.6891141998503","451.9186979449323","10","23"
"work","752","1187.3234906994694","435.7977643205149","8","18"
"work","753","1187.3234906994694","435.7977643205149","8","18"
"leisure","754","1188.8849800362116","354.45321690262494","10","23"
"work","755","1219.7013902534766","288.9080014646459","9","21"
"home","756","1148.2863422293703","722.2688570122602","0","23"
"work","757","1219.7013902534766","288.9080014646459","9","21"
"shopping","758","1307.442080364411","376.5346009789123","8","21"
"work","759","1307.442080364411","376.5346009789123","8","18"
"shopping","760","1273.8265712357947","267.9440625482861","8","21"
"work","761","1273.8265712357947","267.9440625482861","9","21"
"work","762","1277.8156818708433","312.2297028881589","10","23"
"work","763","1133.1277274055644","328.52325706658297","8","21"
"work","764","1133.1277274055644","328.52325706658297","8","18"
"shopping","765","1006.8503261370197","347.7198453157762","8","21"
"work","766","1006.8503261370197","347.7198453157762","9","21"
"home","767","1123.8224166750667","717.1194544766757","0","23"
"work","768","1047.7323078809156","347.5680895313633","9","21"
"work","769","1047.7323078809156","347.5680895313633","9","21"
"work","770","1102.4810874009186","473.8979395030833","9","21"
"work","771","1044.17064881289","428.20964879314334","9","21"
"home","772","929.4515113631154","-134.65075046698138","0","23"
"home","773","927.4954761656784","-65.97991847764982","0","23"
"home","774","952.8252026011864","-65.25842093620443","0","23"
"home","775","978.1549290366949","-64.53692339475904","0","23"
"home","776","1042.2323424576043","-62.7117281498331","0","23"
"home","777","1016.9026160220957","-63.43322569127847","0","23"
"work","778","503.7962030701277","764.2698672192338","8","21"
"home","779","1099.3584911207627","711.9700519410917","0","23"
"home","780","925.5394409682408","2.690913511681732","0","23"
"home","781","950.869167403749","3.412411053127126","0","23"
"work","782","886.0334520382198","-72.07217961009627","8","18"
"work","783","866.0475334248329","-165.59034518727645","1","8"
"home","784","1011.3222348246957","693.4393332962848","0","23"
"home","785","1035.7861603789997","698.5887358318689","0","23"
"home","786","1060.2500859333038","703.7381383674533","0","23"
"home","787","900.7277428335993","782.078911567688","0","23"
"home","788","925.1916683879028","787.2283141032719","0","23"
"work","789","879.3714057197866","686.0429617278171","18","23"
"work","790","798.2303441523464","712.4279313963918","1","8"
"work","791","825.876287529572","673.8687245263785","1","8"
"work","792","799.2718545366844","775.6491192644332","8","18"
"leisure","793","464.2657458646779","799.1731703142893","10","23"
"work","794","845.5316101610808","795.4111606285874","8","18"
"shopping","795","-1324.8227219069627","39.56865944238592","8","21"
"shopping","796","-1335.26659802783","-109.6078703725357","8","21"
"work","797","-1285.8508865368865","37.94116966937761","1","8"
"work","798","-1278.361022980728","-8.816754352378393","18","23"
"work","799","-1272.9583887449282","-96.74478681215908","1","8"
"work","800","-1325.8083414177722","-16.19929223583685","8","18"
"work","801","-1277.4033621748806","-54.59693416753294","18","23"
"work","802","-1331.80014613137","-68.78896775889689","9","21"
"leisure","803","-1213.2418283808524","22.12040101288644","10","23"
